{"train_loss": 0.1728412788361311, "_timestamp": 1705646334.0678282, "_runtime": 265.4319131374359, "_step": 8, "_wandb": {"runtime": 292}}